url,titulo,descripcion,fecha
https://www.elheraldo.co/atlantico/2025/11/16/al-gobierno-lo-cogio-la-tarde-expertos-alertan-retrasos-en-proyectos-de-energia-claves-para-el-pais/,Retraso en proyectos renovables pone en riesgo estabilidad eléctrica,"Falta poco para despedir este año y darle la bienvenida al 2026, el cual seguramente la mayoría de los sectores del país esperan con grandes ...","sáb, 15 nov 2025"
https://www.elheraldo.co/la-guajira/2025/10/09/aprendiz-del-sena-la-guajira-representara-a-colombia-en-worldskills-shanghai-2026/,Aprendiz del Sena La Guajira representará a Colombia en WorldSkills Shanghái 2026,"El aprendiz del Sena Seccional La Guajira, Juan Pablo Mendoza López , logró un cupo para representar a Colombia en la competencia mundial de WorldSkills ...","jue, 9 oct 2025"
https://www.elheraldo.co/la-guajira/2025/06/19/licenciamientos-de-proyectos-renovables-no-convencionales-en-la-guajira-estan-al-dia-anla/,“Licenciamientos de proyectos renovables no convencionales en La Guajira están al día”: ANLA,"La directora de la Autoridad Nacional de Licencias Ambientales (ANLA), Irene Vélez Torres, aseguró este jueves que se mantienen al día todos los trámites de ...","jue, 19 jun 2025"
https://www.elheraldo.co/atlantico/2025/10/26/isagen-fortalece-su-apuesta-por-las-energias-renovables-en-el-norte-de-colombia/,Isagen fortalece su apuesta por las energías renovables  en el norte de Colombia,"El Caribe colombiano , reconocido por su potencial en energías renovables como la solar y la eólica , sigue siendo la apuesta de grandes inversionistas ...","sáb, 25 oct 2025"
https://www.elheraldo.co/la-guajira/2025/06/19/anuncian-incentivo-de-mas-de-96-mil-millones-para-impulsar-el-desarrollo-sostenible-en-la-guajira/,Anuncian incentivo de más de $96 mil millones para impulsar el desarrollo sostenible en La ...,"El ministro de Minas y Energía, Edwin Palma, anunció que el Gobierno nacional firmará una resolución que le da vía libre a la distribución de ...","jue, 19 jun 2025"
https://www.elheraldo.co/colombia/2025/07/07/ecopetrol-compro-wind-autogeneracion-empresa-propietaria-del-proyecto-eolico-en-la-guajira/,"Ecopetrol compró Wind Autogeneración, empresa propietaria del proyecto eólico en La Guajira","Ecopetrol informó este lunes 7 de julio que logró adquirir el 100 % de las acciones de la compañía Wind Autogeneración S.A.S ., sociedad controlada ...","lun, 7 jul 2025"
https://www.elheraldo.co/la-guajira/2025/05/20/con-la-participacion-de-air-e-se-realizo-el-seminario-soluciones-energeticas-renovables-en-las-redes-electricas-locales-en-maicao/,Con la participación de Air-e se realizó el seminario ‘Soluciones energéticas renovables en las redes ...,"Este martes 20 de mayo, en el auditorio de la Universidad de La Guajira, en el municipio de Maicao, se llevó a cabo el seminario ...","mar, 20 may 2025"
https://www.elheraldo.co/la-guajira/2024/12/21/otra-firma-de-proyectos-eolicos-en-la-guajira-se-marcha-del-pais/,Otra firma de proyectos eólicos en La Guajira se marcha del país,"Los parque s eólicos Alpha y Beta, a cargo de la EDP Renewables , y que están en La Guajira, serán vendidos porque dicha entidad ...","sáb, 21 dic 2024"
https://www.elheraldo.co/la-guajira/2022/06/17/sena-y-usaid-lanzan-programa-en-energias-renovables-en-la-guajira/,SENA y USAID lanzan programa en energías renovables en La Guajira,"En Riohacha se cumplió el lanzamiento del programa de formación técnica en energías renovables para jóvenes líderes de las comunidades indígenas, producto de la articulación ...","vie, 17 jun 2022"
https://www.elheraldo.co/atlantico/2025/08/31/lagunas-costeras-en-la-guajira-un-refugio-vital-de-aves-migratorias-y-en-peligro/,"Lagunas costeras en La Guajira, un refugio vital de aves migratorias  y en peligro",En el departamento de La Guajira se encuentra ubicado un verdadero tesoro de biodiversidad. Las lagunas costeras en este territorio albergan más de 24 mil ...,"sáb, 30 ago 2025"
https://www.elheraldo.co/la-guajira/2024/09/01/inicia-nueva-fase-de-construccion-de-subestacion-colectora-500-en-la-guajira/,Inicia nueva fase de construcción de subestación Colectora 500 en La Guajira,Esta semana arrancan las obras de construcción del proyecto energético Colectora 500 kilovoltios en el tramo Colectora- Cuestecitas con el que se buscará “ robustecer ...,"dom, 1 sept 2024"
https://www.elheraldo.co/la-guajira/2021/07/01/la-guajira-puerta-de-entrada-de-las-energias-renovables-duque/,"'La Guajira, puerta de entrada de las energías renovables': Duque",El presidente Iván Duque dijo ayer desde La Guajira que este departamento será la puerta de entrada a Colombia de las energías renovables. La tierra ...,"jue, 1 jul 2021"
https://www.elheraldo.co/atlantico/2024/06/12/otorgan-licencia-ambiental-a-linea-de-interconexion-colectora-en-la-guajira/,Otorgan licencia ambiental a línea de interconexión Colectora en La Guajira,"El ministro de Minas y Energía, Andrés Camacho, anuncio la entrega de la licencia ambiental a la línea de interconexión de Colectora en el tramo ...","mié, 12 jun 2024"
https://www.elheraldo.co/la-guajira/2021/04/29/en-la-guajira-se-realizo-diplomado-sobre-energias-renovables/,En La Guajira se realizó diplomado sobre energías renovables,"En La Guajira se realizó el diplomado Fuentes No Convencionales de Energías Renovables - FNCER y Desarrollo Humano Sostenible', el cual tuvo una duración de ...","jue, 29 abr 2021"
https://www.elheraldo.co/contenidos-en-alianza/2024/09/03/barranquilla-cartagena-y-la-guajira-con-potencial-para-el-hidrogeno-verde/,"Barranquilla, Cartagena y La Guajira, con potencial para el hidrógeno verde","El potencial de La Guajira, Barranquilla y Cartagena justifica la pretensión de Colombia de ser un centro de producción de hidrógeno de bajo carbono y ...","mar, 3 sept 2024"
https://www.elheraldo.co/columnas-de-opinion/fabrina-acosta-contreras/2024/07/11/sara-daza-maestre-la-dama-guajira-columna-de-fabrina-acosta-1109161/,Sara Daza Maestre: La Dama Guajira | Columna de Fabrina Acosta,"Las mujeres de mi tierra son pura fuerza pura, vallenato, sierra, provincia, mar y desierto, también son herederas de un poder que históricamente han tenido ...","jue, 11 jul 2024"
https://www.elheraldo.co/la-guajira/2024/06/12/anla-otorgo-licencia-ambiental-para-proyecto-de-energia-en-la-guajira/,ANLA otorgó licencia ambiental para proyecto de energía en La Guajira,"La Autoridad Nacional de Licencias Ambientales otorgó licencia ambiental para el proyecto de transmisión de energía eléctrica ubicado en el tramo Colectora - Cuestecitas, en ...","mié, 12 jun 2024"
https://www.elheraldo.co/atlantico/2025/08/17/la-entrada-de-mas-proyectos-de-energia-clave-para-garantizar-suministro-expertos/,Estrechez energética: creciente alerta que rodea a Colombia,"A partir del próximo año, la seguridad energética del país estaría en riesgo debido a que los proyectos que deberían estar operando cuentan con retrasos ...","sáb, 16 ago 2025"
https://www.elheraldo.co/colombia/2025/11/17/la-crisis-energetica-ha-sido-inducida-por-un-gobierno-hostil-al-sector-amylkar-acosta/,“La crisis energética ha sido inducida por un gobierno hostil al sector”: Amylkar Acosta,"El economista, académico y escritor guajiro Amylkar Acosta , reconocido como uno de los grandes pensadores del Caribe colombiano, ejerce desde hace años como oráculo ...","dom, 16 nov 2025"
https://www.elheraldo.co/columnas-de-opinion/2025/04/03/la-compleja-decision-de-cerrejon/,La compleja decisión de Cerrejón,“Tanto va el cántaro al agua que al final se rompe”. Este refrán de la sabiduría popular refleja lo que ha venido ocurriendo con Cerrejón ...,"jue, 3 abr 2025"
https://www.elheraldo.co/economia/2025/03/16/el-incierto-futuro-de-los-proyectos-eolicos-en-la-guajira/,El “incierto” futuro de los proyectos eólicos en La Guajira,"En Colombia existen varias zonas privilegiadas para el desarrollo de proyectos de energías renovables , especialmente en el sector de la tecnología eólica. En ese ...","sáb, 15 mar 2025"
https://www.elheraldo.co/la-guajira/2025/03/19/la-anla-le-dio-luz-verde-a-la-licencia-ambiental-del-proyecto-de-parques-eolicos-en-la-guajira/,La ANLA le dio luz verde a la licencia ambiental del proyecto de parques eólicos ...,La Autoridad Nacional de Licencias Ambientales (ANLA) dio a conocer este martes 18 de marzo que le otorgó la licencia ambiental al proyecto de transmisión ...,"mar, 18 mar 2025"
https://www.elheraldo.co/economia/2025/04/21/celsia-compro-proyectos-de-energia-solar-y-eolico-y-se-acerca-a-su-meta-de-1000-mw-de-energia-renovable-a-2027/,Celsia compró proyectos de energía solar y eólico y se acerca a su meta de ...,"Celsia, empresa de energía de Grupo Argos, sigue avanzando como gestor de activos para la transición energética, y se acerca a la meta de contar ...","lun, 21 abr 2025"
https://www.elheraldo.co/la-guajira/2021/07/06/volqueteros-de-la-guajira-inician-protesta/,Volqueteros de La Guajira inician protesta,"El gremio de volqueteros de La Guajira , inició este martes una protesta pacífica para solicitar a las autoridades locales que les permitan trabajar en ...","mar, 6 jul 2021"
https://www.elheraldo.co/la-guajira/2021/01/22/sena-inaugura-centro-agroempresarial-y-acuicola-en-la-guajira/,Sena inaugura Centro Agroempresarial y Acuícola en La Guajira,"En La Guajira, el Sena inauguró el Centro Agroempresarial y Acuícola que está ubicado en el municipio de Fonseca y que beneficiará anualmente con formación ...","vie, 22 ene 2021"
https://www.elheraldo.co/la-guajira/2020/02/27/jovenes-wayuu-de-la-alta-guajira-seran-capacitados-en-sistemas-solares-fotovoltaicos/,Jóvenes wayuu de la Alta Guajira serán capacitados en sistemas solares fotovoltaicos,El SENA de La Guajira capacitará a 34 jóvenes wayuu de 28 comunidades indígenas del corregimiento de Carrizal del municipio de Uribía en la Alta ...,"jue, 27 feb 2020"
https://www.elheraldo.co/columnas-de-opinion/2025/02/01/el-carbon-se-acaba-en-3-anos-eso-decian-columna-de-amat-zuluaga/,El carbón se acaba en 3 años…  eso decían,"En el norte de Colombia, en los departamentos del Cesar y la Guajira donde su economía es +50% dependiente de la minería del carbón, llegaron ...","sáb, 1 feb 2025"
https://www.elheraldo.co/atlantico/2025/04/25/gremios-piden-al-gobierno-aprovechar-riqueza-energetica-del-caribe-para-enfrentar-la-crisis/,Gremios piden al Gobierno aprovechar riqueza energética del Caribe para enfrentar la crisis,"El presidente del Comité Intergremial del Atlántico, Efraín Cepeda Tarud , durante la apertura del panel Seguridad Energética que se llevó a cabo este viernes ...","vie, 25 abr 2025"
https://www.elheraldo.co/atlantico/2025/11/09/la-falta-de-infraestructura-y-los-conflictos-sociales-retos-para-garantizar-la-seguridad-energetica/,La falta de infraestructura y los conflictos sociales: retos para garantizar la seguridad energética,"Aunque Colombia avanza en la incorporación de energías renovables, el país aún no vive una verdadera transición energética . Pese a que alcanza una buena ...","sáb, 8 nov 2025"
https://www.elheraldo.co/atlantico/2025/05/22/colombia-se-dirige-hacia-un-colapso-multiple-si-no-cambia-el-rumbo-ex-ministro-cardenas/,Colombia se dirige hacia un colapso múltiple si no cambia el rumbo: exministro Cárdenas,"El exministro de Desarrollo Económico, Mauricio Cárdenas, alertó que Colombia está incubando múltiples crisis que, de no ser enfrentadas con responsabilidad y visión colectiva, estallarán ...","jue, 22 may 2025"
https://www.elheraldo.co/cordoba/2025/03/16/la-policia-de-cordoba-incauto-un-cargamento-de-hicoteas-y-pescados/,La Policía de Córdoba incautó un cargamento de hicoteas y pescados,"Hicoteas y pescados , dos de los alimentos más apetecidos en esta temporada de Cuaresma y en la Semana Santa, fueron incautados por unidades del ...","dom, 16 mar 2025"
https://www.elheraldo.co/columnas-de-opinion/alvaro-lopez-peralta/2024/05/16/una-guajira-sin-corrupcion-es-posible-columna-de-alvaro-lopez-p-1094551/,Una guajira sin corrupción es posible | Columna de Álvaro López P.,"Puede ser mucho más fácil decirlo que hacerlo. Aunque también es claro que sólo los esfuerzos colectivos que se hacen con honestidad, dedicación y sacrificio ...","jue, 16 may 2024"
https://www.elheraldo.co/local/2025/11/09/no-seremos-el-obstaculo-de-la-transicion-energetica-sino-su-habilitador/,"“No seremos el obstáculo de la transición energética, sino su habilitador”: presidente de ISA","Con 58 años de historia, la multilatina colombiana se ha consolidado como líder en transmisión eléctrica, telecomunicaciones y vías en América Latina. Su presidente, el ...","sáb, 8 nov 2025"
https://www.elheraldo.co/atlantico/2024/06/16/un-lugar-ideal-para-la-generacion-de-energias-renovables/,Un lugar ideal para la generación de energías renovables,"Los altos niveles de radiación solar , la intensidad y velocidad de los vientos, son algunas de las características que hacen del departamento del Atlántico ...","dom, 16 jun 2024"
https://www.elheraldo.co/columnas-de-opinion/hernan-baquero-bracho/2024/01/08/la-problematica-de-la-guajira-columna-de-hernan-baquero-bracho-1060323/,La problemática de La Guajira | Columna de Hernán Baquero Bracho,"La problemática de La Guajira es compleja y abarca temas como la falta de acceso al agua potable, la desnutrición infantil, la pobreza extrema, y ...","lun, 8 ene 2024"
https://www.elheraldo.co/columnas-de-opinion/2025/11/13/visibles-contradictores-de-la-politica-energetica-petrista/,Visibles contradictores de la política energética petrista,"Como parte de su proceso de desgaste, al igual que como ha ocurrido en muchos temas clave del resorte del gobierno nacional, cada día son ...","jue, 13 nov 2025"
https://www.elheraldo.co/contenidos-en-alianza/2024/07/31/el-escalamiento-empresarial-en-el-caribe-debe-llegar-al-siguiente-nivel/,El escalamiento empresarial en el Caribe debe llegar al siguiente nivel,Futurizza es un proyecto financiado por el Sistema General de Regalías y ejecutado por el centro de Innovación y Productividad; Punto Estratégico en el que ...,"mié, 31 jul 2024"
https://www.elheraldo.co/sociedad/2024/09/23/maicao-le-abrira-las-puertas-al-ii-foro-de-mujeres-y-jovenes-wayuu-la-energia-sagrada-del-agua-y-los-vientos/,Maicao le abrirá las puertas al II Foro de ‘Mujeres y jóvenes wayúu: la energía ...,"Con el objetivo de desarrollar un diálogo de saberes, jóvenes y lideresas wayúu , defensoras del territorio, se unirán en un espacio de reflexión y ...","lun, 23 sept 2024"
https://www.elheraldo.co/editoriales/2023/05/26/perdera-colombia-su-autosuficiencia-energetica/,¿Perderá Colombia su autosuficiencia energética?,"https://www.youtube.com/watch?v=O95nuAfbBsc Contra todo pronóstico, Europa no sucumbió a la crisis energética desencadenada por la orden del presidente de Rusia, Vladimir Putin, de cerrar sus gasoduct","vie, 26 may 2023"
https://www.elheraldo.co/atlantico/2025/11/09/el-atlantico-se-proyecta-como-motor-de-la-transicion-energetica-en-colombia/,El Atlántico se proyecta como motor de la transición energética en Colombia,"El departamento del Atlántico se perfila como protagonista en la política nacional de transición energética, tras el respaldo del Ministerio de Minas y Energía y ...","dom, 9 nov 2025"
https://www.elheraldo.co/contenidos-en-alianza/2022/11/04/la-apuesta-de-air-e-por-la-energia-renovable/,La apuesta de Air-e por la energía renovable,Para Air-e es fundamental la generación de su servicio con energías limpias y de paso ofrecer a sus clientes en la Región Caribe precios competitivos. ...,"vie, 4 nov 2022"
https://www.elheraldo.co/la-guajira/2020/03/10/comunidad-wayuu-tiene-agua-potable-extraida-del-aire-usando-la-energia-solar/,Comunidad wayuu tiene agua potable extraída del aire usando la energía solar,"En la comunidad wayuu de Bahía Hondita en la Alta Guajira, sus habitantes ya no tendrán que sacar agua de los pozos artesanales, sino agua ...","mar, 10 mar 2020"
https://www.elheraldo.co/la-guajira/2020/04/23/en-video-cobatina-la-cabina-de-desinfeccion-que-funciona-con-energia-solar-en-la-guajira/,En video | ‘Cobatina’: la cabina de desinfección que funciona con energía solar en La ...,"Ideas innovadoras comienzan a generar cambios en el departamento de La Guajira , gracias a las capacidades y el ingenio de los instructores y aprendices ...","jue, 23 abr 2020"
https://www.elheraldo.co/la-guajira/2020/12/11/gobierno-otorga-permiso-de-2-servidumbres-para-construccion-de-parque-eolico/,Gobierno otorga permiso de 2 servidumbres para construcción de parque eólico,"El Gobierno nacional, a través de la Agencia Nacional de Tierras, oficializó en La Guajira el otorgamiento del permiso de uso sobre dos servidumbres ubicadas ...","vie, 11 dic 2020"
https://www.elheraldo.co/columnas-de-opinion/miguel-lotero-robledo/2021/08/21/la-guajira-la-joya-energetica-de-colombia/,"La Guajira, la joya energética de Colombia","Las tüumas, como se conocen en wayuunaiki, son piedras de color rojo que se incrustan principalmente en collares con trabajos artesanales en oro. En la ...","sáb, 21 ago 2021"
https://www.elheraldo.co/columnas-de-opinion/miguel-lotero-robledo/2021/08/21/la-guajira-la-joya-energetica-de-colombia-columna-de-miguel-lotero-robledo-843555/,"La Guajira, la joya energética de Colombia| columna de Miguel Lotero Robledo","Las tüumas, como se conocen en wayuunaiki, son piedras de color rojo que se incrustan principalmente en collares con trabajos artesanales en oro. En la ...","sáb, 21 ago 2021"
https://www.elheraldo.co/columnas-de-opinion/amat-zuluaga/2022/11/12/la-transicion-energetica-aumenta-las-emisiones-de-co2-columna-de-amat-zuluaga-954059/,La transición energética aumenta las emisiones de CO2 | Columna de Amat Zuluaga,En una intervención hace poco escuchaba hablar a varias personas sobre la necesidad de disminuir los gases de efecto invernadero y que por eso debemos ...,"sáb, 12 nov 2022"
https://www.elheraldo.co/la-guajira/2020/06/11/aprobado-en-la-asamblea-el-plan-de-desarrollo-2020-2023-de-la-guajira/,Aprobado en la asamblea el Plan de Desarrollo 2020-2023 de La Guajira,"La Asamblea Departamental de La Guajira avaló el proyecto de ordenanza 010 de 2020 , por medio del cual se aprobó el Plan de Desarrollo ...","jue, 11 jun 2020"
https://www.elheraldo.co/la-guajira/2020/08/27/proyecto-cuestionado-en-la-guajira-ya-no-sera-ejecutado-por-unipamploma/,Proyecto cuestionado en La Guajira ya no será ejecutado por Unipamploma,La gobernación de La Guajira informó que la Universidad de Pamplona desistió de ejecutar el proyecto para implementar una estrategia de aprobación social de conocimiento ...,"jue, 27 ago 2020"
https://www.elheraldo.co/economia/2021/02/11/barranquilla-sera-sede-de-encuentro-internacional-de-energias-renovables/,Barranquilla será sede de encuentro internacional de energías renovables,"Uno de los encuentros más importantes del sector de energías renovables en América Latina tendrá lugar en Barranquilla, en agosto de este año. El evento ...","jue, 11 feb 2021"
https://www.elheraldo.co/economia/2021/12/03/subasta-de-energia-renovable-de-air-e-despierta-interes-en-35-empresas/,Subasta de energía renovable de Air-e despierta interés en 35 empresas,Hay 35 firmas nacionales y extranjeras que ya han manifestado interés en la primera subasta para proyectos de generación de energía a partir de Fuentes ...,"vie, 3 dic 2021"
https://www.elheraldo.co/atlantico/2025/10/26/la-costa-atlantica-region-clave-en-la-transicion-energetica-de-colombia/,"“La costa Atlántica, región clave en la transición energética de Colombia”",No se puede hablar de transición energética sin mencionar a la costa Caribe. Esta región tiene un papel fundamental por su gran potencial en energía ...,"sáb, 25 oct 2025"
https://www.elheraldo.co/economia/2018/06/11/la-costa-toma-el-liderazgo-en-desarrollo-de-energias-alternativas/,La Costa toma el liderazgo en desarrollo de energías alternativas,"El futuro de la generación de energía a través de fuentes renovables no convencionales en Colombia se encuentra en la Costa Caribe, pues es la ...","dom, 10 jun 2018"
https://www.elheraldo.co/la-guajira/2018/08/21/tribunal-de-la-guajira-ordena-devolver-a-la-nacion-unos-3-mil-millones-de-dolares/,Tribunal de La Guajira ordena devolver a la Nación unos 3 mil millones de dólares,La Nación podría recuperar unos tres mil millones de dólares que dejó de recibir por un concepto de la Dian que se produjo en marzo ...,"mar, 21 ago 2018"
https://www.elheraldo.co/la-guajira/2020/11/07/la-guajira-presento-ocho-proyectos-a-minciencias/,La Guajira presentó ocho proyectos a Minciencias,"Seguridad alimentaria, tecnificación pesquera, conectividad escolar y fortalecimiento turístico fueron algunos de los proyectos presentados a la ministra de Ciencias, Tecnología e Innovación Mabel T","sáb, 7 nov 2020"
https://www.elheraldo.co/editoriales/2021/10/01/el-editorial-hidrogeno-verde-oportunidad-para-la-costa/,"El Editorial | Hidrógeno verde, oportunidad para la Costa","https://www.youtube.com/watch?v=ha_uXeM476Q El camino a la transición energética no tiene retorno. La hoja de ruta del hidrógeno, diseñada para su desarrollo, generación y uso durante los ...","vie, 1 oct 2021"
https://www.elheraldo.co/economia/2018/02/16/geb-construira-proyecto-transmision-de-parques-eolicos-en-la-guajira/,GEB construirá proyecto transmisión de parques eólicos en la Guajira,"El Grupo de Energía de Bogotá (GEB) ganó la adjudicación del primer proyecto de transmisión de electricidad en Colombia, para la conexión de los parques ...","vie, 16 feb 2018"
https://www.elheraldo.co/economia/2021/04/26/municipios-recibiran-transferencias-por-proyectos-renovables/,Municipios recibirán transferencias por proyectos renovables,Los municipios ubicados en la zona de influencia de los proyectos de generación de energía con fuentes renovables no convencionales podrán recibir transferencias las cuales ...,"lun, 26 abr 2021"
https://www.elheraldo.co/contenidos-en-alianza/2020/09/28/la-guajira-con-gran-potencial-para-generar-energias-alternativas/,La Guajira con gran potencial para generar energías alternativas,"El departamento de La Guajira tiene un potencial de 15.000 MW solo en energía eólica y granjas solares, lo que representaría cerca del 90% del ...","lun, 28 sept 2020"
https://www.elheraldo.co/editoriales/2022/03/11/con-el-viento-a-favor-del-parque-eolico-marino/,Con el viento a favor del parque eólico marino,"https://www.youtube.com/watch?v=4e3leXs344E El potencial de vientos de las aguas marinas del Atlántico, superior al registrado frente a las costas de La Guajira, hace de esta área ...","vie, 11 mar 2022"
https://www.elheraldo.co/columnas-de-opinion/simon-gaviria/2022/03/01/descarbonizar-colombia-columna-de-simon-gaviria-891164/,Descarbonizar Colombia | Columna de Simón Gaviria,"Es el esfuerzo de eliminar la producción de dióxido de carbono en la economía. Con las 237 millones de toneladas que emitimos al año, 0.47% ...","mar, 1 mar 2022"
https://www.elheraldo.co/la-guajira/2018/04/10/anla-evalua-primer-parque-eolico-de-nivel-nacional-que-estara-en-la-guajira/,Anla evalúa primer parque eólico de nivel nacional que estará en La Guajira,"La Autoridad Nacional de Licencias Ambientales, ANLA, evalúa el proyecto para instalar el primer parque eólico del nivel nacional, el cual estará ubicado en La ...","mar, 10 abr 2018"
https://www.elheraldo.co/columnas-de-opinion/simon-gaviria/2020/10/14/caribe-renovable-765705/,Caribe renovable,"Era intensa la hostilidad contra Electricaribe, los que tenemos familia costeña entendemos. Al año había 124 horas de apagón, para algunos más de 750 horas. ...","mié, 14 oct 2020"
https://www.elheraldo.co/economia/2018/10/29/para-cuando-las-energias-renovables-en-la-region/,¿Para cuándo las energías renovables en la región?,"Ante los problemas energéticos que sufre la Región Caribe, una alternativa que debe ser tenida en cuenta es el uso de combustibles renovables que no ...","lun, 29 oct 2018"
https://www.elheraldo.co/la-guajira/2018/04/16/la-rap-comenzo-a-estructurar-el-plan-de-desarrollo-regional/,La RAP comenzó a estructurar el Plan de Desarrollo Regional,La primera reunión con el fin de coordinar todo lo relacionado con la elaboración del Plan de Desarrollo de la Región Administrativa y de Planificación ...,"lun, 16 abr 2018"
https://www.elheraldo.co/economia/2017/07/13/adjudican-a-isa-obras-de-transmision-en-cesar-guajira-y-magdalena/,"Adjudican a ISA obras de transmisión en Cesar, Guajira y Magdalena","La Unidad de Planeación Minero Energética (UPME) adjudicó a ISA el diseño, construcción, operación y mantenimiento de las líneas de transmisión Copey - Cuestecitas a ...","jue, 13 jul 2017"
https://www.elheraldo.co/la-guajira/2018/05/22/en-la-guajira-decomisan-16-tortugas-en-vias-de-extincion/,En La Guajira decomisan 16 tortugas en vías de extinción,La Policía nacional rescató 16 tortugas marinas que iban amarradas en una camioneta y las cuales pretendían ser comercializadas en el municipio de Maicao. Según ...,"mar, 22 may 2018"
https://www.elheraldo.co/tendencias/2016/03/27/el-sol-y-las-brisas-del-caribe-son-potencial-de-energias-renovables/,El sol y las brisas del Caribe son potencial de energías renovables,"El sol de mediodía en Barranquilla impacta sobre tres paneles en la Universidad del Norte, generando energía que después de un proceso de transformación se ...","dom, 27 mar 2016"
https://www.elheraldo.co/la-guajira/2017/02/21/santos-asume-personalmente-soluciones-para-la-crisis-guajira/,Santos asume personalmente soluciones para la crisis guajira,"No se me ha pasado por la cabeza tomarme La Guajira', fue lo primero que el presidente Juan Manuel Santos les aclaró a los siete ...","mar, 21 feb 2017"
https://www.elheraldo.co/contenidos-en-alianza/2020/09/26/recuperar-la-economia/,Recuperar la economía,Por: Erika Fontalvo Superar los efectos de la pandemia del coronavirus que desencadenó el confinamiento de millones de personas y la parálisis de la economía ...,"sáb, 26 sept 2020"
https://www.elheraldo.co/la-guajira/2025/09/05/inauguran-planta-desalinizadora-de-energia-solar-en-mayapo/,Inauguran planta desalinizadora de energía solar en Mayapo,"Con el fin de garantizar agua limpia y sostenible a familias y estudiantes del Internado Etnoeducativo Rural Laachon , ubicado en el corregimiento de Mayapo ...","vie, 5 sept 2025"
https://www.elheraldo.co/cartas-de-lectores/2016/03/17/energias-renovables-249187/,Energías renovables,"Estamos a las puertas de un nuevo apagón, y los principales responsables ofrecieron sus renuncias, pero eso no resuelve el inmenso perjuicio ocasionado, por acción ...","jue, 17 mar 2016"
https://www.elheraldo.co/atlantico/2025/10/20/air-e-asegura-el-81-de-su-energia-para-2026-y-garantiza-continuidad-del-servicio-en-el-caribe/,Air-e asegura el 81 % de su energía para 2026 y garantiza continuidad del servicio ...,"La Superintendencia de Servicios Públicos Domiciliarios (Superservicios) informó que la empresa Air-e logró adquirir el 81 % de la energía que requerirá en 2026, tras ...","lun, 20 oct 2025"
https://www.elheraldo.co/economia/2017/11/29/andeg-preocupada-aun-por-la-deuda-de-electricaribe/,"Andeg, preocupada aún por la deuda de Electricaribe","El presidente de la Asociación Nacional de Empresas Generadoras (Andeg), Alejandro Castañeda, dijo que al gremio le preocupa la deuda que tenía la empresa Electricaribe, ...","mié, 29 nov 2017"
https://www.elheraldo.co/economia/2016/02/09/nuevo-plan-de-expansion-electrica-incluye-4-obras-de-transmision-en-la-costa-caribe/,Nuevo plan de expansión eléctrica incluye 4 obras de transmisión en la Costa Caribe,"Para garantizar el abastecimiento de energía eléctrica de Colombia desde este año hasta 2029, el Ministerio de Minas y Energía anunció este lunes que acogerá ...","mar, 9 feb 2016"
https://www.elheraldo.co/atlantico/2025/09/28/los-cuellos-de-botella-que-frenan-la-entrada-de-nueva-energia-firme-en-el-pais/,Los “cuellos de botella” que frenan la entrada de nueva energía firme en el país,"Una infraestructura de transmisión saturada, obsoleta y, en algunos casos, inexistente en varias regiones del país son algunas de las principales razones por las que ...","sáb, 27 sept 2025"
https://www.elheraldo.co/columnas-de-opinion/2025/10/13/mientras-el-mundo-suma-colombia-resta/,"“Mientras el mundo suma, Colombia resta”.","Epicteto, filosofo estoico, llegó a Roma como esclavo y, luego de su manumisión, se educó en esa corriente llegando a ser de sus más destacados ...","lun, 13 oct 2025"
https://www.elheraldo.co/economia/2025/09/01/ecopetrol-nego-que-se-haya-realizado-proceso-de-contratacion-para-la-regasificadora-en-el-caribe/,Ecopetrol negó que se haya realizado proceso de contratación para la regasificadora en el Caribe,"La compañía Ecopetrol negó que se hayan adelantado procesos de contratación en proyectos de regasificación, y que actualmente no existen procesos abiertos, no obstante, reconocen ...","lun, 1 sept 2025"
https://www.elheraldo.co/atlantico/2025/10/12/cuales-son-las-verdaderas-razones-detras-de-la-reduccion-de-las-tarifas-para-los-usuarios-en-el-caribe/,¿Cuáles son las verdaderas razones detrás de la reducción de las tarifas para los usuarios ...,El pasado 6 de octubre la Superintendencia de Servicios Públicos Domiciliarios aseguró que la tarifa de energía de la empresa Air-e —intervenida por el Gobierno ...,"sáb, 11 oct 2025"
https://www.elheraldo.co/atlantico/2025/10/02/air-e-busca-garantizar-contratos-que-estabilicen-los-precios-de-la-energia-para-los-anos-2026-y-2027/,Air-e busca garantizar contratos que estabilicen los precios de la energía para los años 2026 ...,"La empresa Air-e Intervenida abrió una invitación pública a todos los generadores del país, térmicos, hídricos o renovables, y a los comercializadores con energía disponible, ...","jue, 2 oct 2025"
https://www.elheraldo.co/atlantico/2025/10/04/creg-ajusta-normativa-para-contratacion-directa-entre-generadores-y-empresas-intervenidas/,Creg ajusta normativa para contratación directa entre generadores y empresas intervenidas,La Comisión de Regulación de Energía y Gas (Creg) modificó la Resolución 101 067 de 2024 para ajustar las reglas de contratación directa de energía ...,"vie, 3 oct 2025"
https://www.elheraldo.co/region/2012/11/19/noticias-regionales/,Noticias Regionales,Noticias Regionales,"lun, 19 nov 2012"
https://www.elheraldo.co/colombia/2025/09/01/ecopetrol-niega-favorecimiento-a-empresa-vinculada-a-amigo-del-presidente-ricardo-roa/,Ecopetrol niega haber adjudicado contrato de regasificación en el Caribe a un amigo del presidente ...,"Luego de las denuncias publicadas por algunos medios sobre un presunto direccionamiento en la contratación de un proyecto de regasificación en el Caribe colombiano, Ecopetrol ...","lun, 1 sept 2025"
https://www.elheraldo.co/atlantico/2025/09/03/air-e-registra-aumento-del-60-en-solicitudes-de-proyectos-de-autogeneracion/,Air-e registra aumento del 60% en solicitudes de proyectos de autogeneración,"El número de usuarios interesados en instalar en sus hogares y empresas proyectos fotovoltaicos ha ido en aumento. De acuerdo con la empresa Air-e, la ...","mié, 3 sept 2025"
https://www.elheraldo.co/economia/2025/05/22/geb-confirmo-que-el-primer-tramo-de-la-linea-de-transmision-colectora-se-inaugurara-en-septiembre/,GEB confirmó que el primer tramo de la línea de transmisión Colectora se inaugurará en ...,"El presidente del Grupo Energía Bogotá (GEB), Juan Ricardo Ortega, indicó en la feria de Energías Renovables de SER Colombia en Barranquilla que la línea ...","jue, 22 may 2025"
https://www.elheraldo.co/economia/2025/07/07/ecopetrol-adquirio-el-proyecto-de-energia-eolica-windpeshi-en-la-guajira/,Ecopetrol espera que proyecto eólico Windpeshi produzca 205 MW de energía eólica,"La compañía Ecopetrol informó que adquiere el 100% de las acciones de la Compañía Wind Autogeneración S.A.S., sociedad controlada por Enel Colombia S.A.S. y propietaria ...","lun, 7 jul 2025"
https://www.elheraldo.co/columnas-de-opinion/2025/06/04/el-caribe-despensa-m-e-del-pais/,El Caribe: Despensa M-E del país,"Feliz coincidencia, justamente en el año 1975 Colombia pasó de ser exportador, por décadas, de petróleo, a tener que importarlo por la súbita declinación de ...","mié, 4 jun 2025"
https://www.elheraldo.co/atlantico/2025/09/11/air-e-intervenida-esta-en-insolvencia-y-sin-mejoras-tras-un-ano-de-intervencion-liga-de-usuarios/,Air-e está en insolvencia y sin mejoras tras un año de intervención: Liga de Usuarios,"Un año después de la intervención de Air-e , tomada por la Superintendencia de Servicios Públicos Domiciliarios ante los problemas técnicos, operativos y la iliquidez ...","jue, 11 sept 2025"
https://www.elheraldo.co/economia/2025/05/20/ecopetrol-suscribe-acuerdo-para-adquirir-hasta-1300-megavatios-de-proyectos-solares-y-eolicos/,"Ecopetrol suscribe acuerdo para adquirir hasta 1,300 megavatios de proyectos solares y eólicos","Ecopetrol informó que concluyó exitosamente la negociación con Statkraft European Wind and Solar Holding, AS (“Statkraft”), para la potencial adquisición por parte de Ecopetrol S.A. ...","mar, 20 may 2025"
https://www.elheraldo.co/la-guajira/2025/05/21/autoridades-conmemoran-el-dia-mundial-de-las-abejas-en-riohacha/,Autoridades conmemoran el Día Mundial de las Abejas en Riohacha,"Con miel en mano y recorriendo diferentes calles del Distrito Especial Turístico y Cultural de La Guajira , sin importar el inclemente sol de esta ...","mié, 21 may 2025"
https://www.elheraldo.co/local/2025/07/10/crear-tres-hub-de-innovacion-investigacion-y-desarrollo-propuesta-de-la-camara-de-comercio-de-barranquilla-en-ocde/,"Crear tres HUB de Innovación, Investigación y Desarrollo, propuesta de la Cámara de Comercio de ...","La Cámara de Comercio de Barranquilla propuso crear tres HUB de Investigación, Innovación y Desarrollo para impulsar el crecimiento económico de la Región Caribe, concentrados ...","jue, 10 jul 2025"
https://www.elheraldo.co/atlantico/2025/08/21/air-e-intervenida-apoyara-a-57-municipios-en-la-gestion-de-recursos-por-un-billon-de-pesos-para-proyectos-energeticos/,Air-e Intervenida apoyará a 57 municipios en la gestión de recursos por un billón de ...,"La empresa Air-e Intervenida envió una comunicación a los 57 alcaldes de los municipios bajo su gestión en Atlántico, Magdalena y La Guajira, en la ...","jue, 21 ago 2025"
https://www.elheraldo.co/colombia/2025/02/27/petro-propone-fines-turisticos-para-el-ferrocarril-del-cerrejon/,Petro propone fines turísticos para el ferrocarril del Cerrejón,"Durante en el evento de clausura del primer día de la Vitrina Turística de Anato 2025, realizado en Bogotá, el presidente Gustavo Petro, se refirió ...","jue, 27 feb 2025"
https://www.elheraldo.co/columnas-de-opinion/2025/08/18/el-gobierno-de-petro-en-cifras/,El gobierno de Petro en cifras,"A un año de finalizar el gobierno del presidente Petro, los resultados estadísticos no le favorecen y su imagen cada día decrece ante la opinión ...","lun, 18 ago 2025"
https://www.elheraldo.co/atlantico/2025/02/23/la-region-caribe-una-potencia-energetica-a-la-espera-de-mas-inversion/,"La región Caribe, una potencia energética a la espera de más inversión",Los fuertes y constantes vientos y la alta radiación solar son algunos de los recursos naturales que posee la Costa Caribe para que se convierta ...,"sáb, 22 feb 2025"
https://www.elheraldo.co/editoriales/2025/03/30/cerrejon-se-adapta-para-resistir-la-tormenta/,Cerrejón se adapta para resistir la tormenta,El recorte del 50 % de la producción anual de carbón oficializado esta semana por Cerrejón añade más incertidumbre al complejo panorama del sector minero-energético ...,"dom, 30 mar 2025"
https://www.elheraldo.co/columnas-de-opinion/2025/05/28/sin-transmision-no-hay-transicion-i/,Sin transmisión no hay transición (I),El Sistema interconectado nacional (SIN) se encuentra en el máximo grado de stress debido a la estrechez de la Oferta de energía firme(OEF) a causa ...,"mié, 28 may 2025"
https://www.elheraldo.co/atlantico/2024/06/10/con-aval-de-gobernadores-rap-caribe-creara-una-empresa-energetica/,"Con aval de gobernadores, RAP Caribe creará una empresa energética","Con el objetivo de superar las “dificultades” del modelo energético para los departamentos norte del país, la Región Administrativa y de Planificación (RAP) Caribe dará ...","lun, 10 jun 2024"
https://www.elheraldo.co/la-guajira/2025/05/21/joven-denuncio-acoso-de-un-chofer-de-bus-viajando-hacia-riohacha/,Joven denunció acoso de un chofer de bus en ruta Valledupar-Riohacha,"Cuando se transportaba en un autobús intermunicipal desde la capital del Cesar hacia Riohacha, una joven vallenata de 23 años identificada como Diana Marcela Reales ...","mié, 21 may 2025"
https://www.elheraldo.co/columnas-de-opinion/2025/07/21/en-energia-tambien-hay-cantos-de-sirenas/,En energía también hay cantos de sirenas,"Tras 10 años de guerra en Troya, Ulises (Odiseo en griego) emprendió regreso a su hogar, Ítaca. Era un viaje de 10 años y, advertido ...","lun, 21 jul 2025"
https://www.elheraldo.co/atlantico/2025/06/26/el-caribe-esta-a-las-puertas-de-un-apagon-por-la-crisis-de-air-e/,“El Caribe está a las puertas de un apagón por la crisis de Air-e”: Camilo ...,"La crisis actual que atraviesa la empresa Air-e amenaza en convertirse en un “daño sistemático” para todo el sector eléctrico. Así lo aseguró Camilo Sánchez, ...","jue, 26 jun 2025"
https://www.elheraldo.co/atlantico/2025/03/17/air-e-impulsa-mesas-de-trabajo-con-universidades-para-trabajar-por-la-transicion-energetica/,Air-e impulsa mesas de trabajo con universidades para trabajar por la transición energética,"La empresa Air-e Intervenida informó que para garantizar un futuro más sostenible y tecnológicamente avanzado, se desarrollan escenarios estratégicos sobre la importancia de la transición ...","lun, 17 mar 2025"
https://www.elheraldo.co/economia/2025/03/30/con-reduccion-de-produccion-en-cerrejon-colombia-tambien-pierde-la-competitividad-minera/,Las implicaciones de la reducción en la producción del Cerrejón,"El sector de la minería en Colombia está pasando por un momento complejo, en el que la dura carga impositiva, los precios insostenibles del mercado ...","sáb, 29 mar 2025"
https://www.elheraldo.co/atlantico/2024/06/09/el-caribe-refrenda-su-compromiso-con-la-generacion-de-energias-limpias/,El Caribe refrenda su compromiso con la generación de energías limpias,"En los últimos años, el desarrollo de proyectos de energías renovables registra un notable crecimiento en el país. El avance de Colombia hacia la transición ...","dom, 9 jun 2024"
https://www.elheraldo.co/atlantico/2025/06/06/precios-del-gas-natural-subiran-en-diciembre-por-imprevision-e-improvisacion-amylkar-acosta/,Precios del gas natural subirán en diciembre por imprevisión e improvisación: Amylkar Acosta,"El exministro de Minas y Energía, Amylkar Acosta, en medio de su participación en el Cuarto Summit Internacional del GLP, aseguró que los usuarios del ...","jue, 5 jun 2025"
https://www.elheraldo.co/atlantico/barranquilla/2025/05/28/necesitamos-construir-mas-proyectos-y-seguir-siendo-atractivos-para-los-inversionistas-natalia-gutierrez-presidenta-ejecutiva-de-acolgen/,"“Necesitamos toda la energía posible lo más rápido”: Natalia Gutiérrez, presidenta ejecutiva de Acolgen","Natalia Gutiérrez, presidenta ejecutiva de la Asociación Colombiana de Generadores de Energía Eléctrica (Acolgen) desde 2019, enfrenta a diario los desafíos de un sector en ...","mié, 28 may 2025"
https://www.elheraldo.co/atlantico/2024/06/29/piden-al-gobierno-nacional-apoyar-la-creacion-de-empresa-de-energia-regional/,Piden al Gobierno nacional apoyar la creación de empresa de energía regional,"La creación de una empresa de energía regional es necesaria para incentivar proyectos de energía alternativa en el Caribe, pero solo es posible con el ...","sáb, 29 jun 2024"
https://www.elheraldo.co/atlantico/2024/12/01/el-sector-energetico-en-2024-sorteo-grandes-desafios-que-esperar-en-el-2025/,El sector energético en 2024 sorteó grandes desafíos. ¿Qué esperar en el 2025?,"El devenir del sector energético en el 2024 ha estado marcado por grandes desafíos. Para algunos expertos, el mayor de ellos fue impuesto por la ...","sáb, 30 nov 2024"
https://www.elheraldo.co/atlantico/2024/12/01/demoras-en-tramites-y-licencias-frenan-la-expansion-de-los-proyectos-solares-en-colombia/,Demoras en trámites y licencias frenan la expansión de los proyectos solares en Colombia,"El desarrollo de los proyectos de energías renovables en el país, como los solares, cobra cada día más importancia dentro de la diversificación de la ...","sáb, 30 nov 2024"
https://www.elheraldo.co/columnas-de-opinion/2024/11/27/el-gas-natural-energetico-estrategico-columna-de-amylkar-d-acosta/,"El gas natural, energético estratégico","El gas natural irrumpe en la escena energética con la segunda transición energética, que tuvo su detonante en la guerra del Yon Kippur (octubre de ...","mié, 27 nov 2024"
https://www.elheraldo.co/economia/2025/03/28/utilidades-del-grupo-aval-crecieron-374-en-2024-consolidado-en-1015-mil-millones/,"Utilidades del Grupo Aval crecieron 37,4 % en 2024, consolidado en $1.015 mil millones","En su Asamblea General de Accionistas, Grupo Aval presentó los resultados de su gestión en 2024, con un crecimiento de 37,4 % en utilidades consolidadas ...","vie, 28 mar 2025"
https://www.elheraldo.co/economia/2025/03/30/gremios-en-alerta-por-senales-intervencionistas-en-sector-energetico/,"Gremios, en alerta por las “señales intervencionistas” en sector energético","Uno de los grandes logros en Colombia en materia energética, luego del apagón de 1992, fue la creación de las leyes 142 y 143 de ...","sáb, 29 mar 2025"
https://www.elheraldo.co/atlantico/2025/03/30/senales-intervencionistas-afectan-inversion-en-nuevos-proyectos-energeticos-gremios/,Señales intervencionistas afectan inversión en nuevos proyectos energéticos: gremios,"Uno de los grandes logros en Colombia en materia energética, luego del apagón de 1992, fue la creación de las leyes 142 y 143 de ...","sáb, 29 mar 2025"
https://www.elheraldo.co/atlantico/2025/04/02/air-e-avanza-en-la-gestion-de-proyectos-de-autogeneracion-y-generacion-de-energia/,Air-e avanza en la gestión de proyectos de autogeneración y generación de energía,"Con la incorporación de un equipo adicional de 23 profesionales al área de Nuevas Conexiones, la empresa Air-e viene fortaleciendo la capacidad operativa para gestionar ...","mié, 2 abr 2025"
https://www.elheraldo.co/cordoba/2025/04/04/cordoba-reafirma-su-potencial-energetico-en-el-foro-focalizando-cordoba/,Córdoba reafirma su potencial energético en el foro ‘Focalizando Córdoba’,El departamento de Córdoba se consolida como un actor clave en la transición energética de Colombia. Así quedó evidenciado en el foro ‘Focalizando Córdoba: Clúster ...,"jue, 3 abr 2025"
https://www.elheraldo.co/atlantico/2025/03/09/el-urgente-llamado-de-los-gremios-energeticos-por-una-nueva-subasta/,El urgente llamado de los gremios energéticos por una nueva subasta,El desfase entre la oferta de energía y la demanda en Colombia ha evidenciado la urgente necesidad de incorporar al sistema más proyectos energéticos y ...,"sáb, 8 mar 2025"
https://www.elheraldo.co/colombia/2025/03/20/aceptan-la-renuncia-de-rodrigo-negrete-montes-a-la-direccion-de-la-anla-quien-suena-para-su-reemplazo/,"Aceptan la renuncia de Rodrigo Negrete Montes a la dirección de la ANLA, ¿quién suena ...","La ministra de Ambiente, Lena Estrada, aceptó la renuncia de Rodrigo Negrete Montes a la dirección de la ANLA, una entidad clave para evaluar, otorgar, ...","jue, 20 mar 2025"
https://www.elheraldo.co/columnas-de-opinion/indalecio-dangond/2023/08/12/cerrejon-el-mejor-aliado-columna-de-indalecio-dangond-1023717/,"Cerrejón, el mejor aliado | Columna de Indalecio Dangond","La transición energética es un proceso imparable que implica el reemplazo de las fuentes fósiles por energías renovables como la fotovoltaica y la eólica, y ...","sáb, 12 ago 2023"
https://www.elheraldo.co/economia/2024/09/22/la-ley-del-montes-lo-que-faltaba-apagon-en-el-2025/,La ley del Montes | Lo que faltaba: ¿apagón en el 2025?,"En momentos en que el fantasma de un racionamiento de energía eléctrica toma fuerza y comienza a crecer en todo el país, el presidente Gustavo ...","sáb, 21 sept 2024"
https://www.elheraldo.co/region/2024/08/06/upc-lidera-proyecto-empresarial-en-el-caribe/,UPC lidera proyecto empresarial en el Caribe,"La Universidad Popular del Cesar a través del proyecto Futurizza , el cual es financiado por el Sistema General de Regalías, se encuentra en la ...","lun, 5 ago 2024"
https://www.elheraldo.co/local/2024/07/14/comunidades-energeticas-una-alternativa-para-mitigar-altas-tarifas/,"Comunidades Energéticas, una alternativa para mitigar altas tarifas",El camino hacia la transición energética en el país avanza desde diferentes frentes. Uno de estos es la creación de las Comunidades Energéticas (CE) en ...,"dom, 14 jul 2024"
https://www.elheraldo.co/barranquilla/2025/01/26/tenemos-indicadores-economicos-que-nos-llenan-de-un-optimismo-moderado-en-2025/,“Lo que haga EE. UU. será fundamental en el futuro porque es el principal socio ...,Saber analizar e interpretar los datos actuales para elaborar una proyección lo más certera posible de lo que está por venir es una de las ...,"sáb, 25 ene 2025"
https://www.elheraldo.co/atlantico/2025/01/02/compra-de-air-e-por-parte-de-la-nacion-no-resuelve-crisis-tarifaria-en-el-caribe/,¿Compra de Air-e solucionaría crisis de tarifas?,"“Vamos a bajar las tarifas de energía y las vamos a bajar”, así inició el presidente Gustavo Petro el trino el pasado 31 de diciembre ...","mié, 1 ene 2025"
https://www.elheraldo.co/atlantico/2025/01/08/interventor-de-air-e-revelo-varias-irregularidades-en-la-empresa-racionamientos-eran-disfrazados-como-mantenimientos/,Interventor de Air-e reveló varias irregularidades en la empresa: racionamientos eran disfrazados como “mantenimientos”,Un informe entregado a la Superintendencia de Servicios Públicos reveló “graves hallazgos” en la empresa Air-e desde contratos no ejecutados hasta desorden en la contabilidad ...,"mié, 8 ene 2025"
https://www.elheraldo.co/atlantico/barranquilla/2024/11/26/crisis-de-tarifas-de-energia-usuarios-y-air-e-intervenida-inician-mesa-de-dialogo/,Crisis de tarifas de energía: Usuarios y Air-e Intervenida inician mesa de diálogo,"Tarifas de energía , eliminación del régimen especial para el Caribe, cobros estimados, la atención de quejas por el mal servicio que presta Air-e y ...","mar, 26 nov 2024"
https://www.elheraldo.co/economia/2024/12/15/en-2025-queremos-plantar-la-bandera-de-promigas-en-estados-unidos-o-brasil/,“En 2025 queremos plantar la bandera  de Promigas  en Estados Unidos o Brasil”,"Orgullosamente barranquillera, la transportadora de gas natural que diversificó su portafolio de servicios e internacionalizó negocios hasta convertirse en un holding de energía conmemora 50 ...","sáb, 14 dic 2024"
https://www.elheraldo.co/columnas-de-opinion/2024/12/21/el-viento-se-fue-con-su-energia-columna-de-amat-zuluaga/,El viento se fue con su energía,Este gobierno de Petro ha batido récord al poner en grave riesgo la capacidad energética del país en solo dos años. Muchos dirán que son ...,"sáb, 21 dic 2024"
https://www.elheraldo.co/columnas-de-opinion/hernan-baquero-bracho/2022/02/23/la-responsabilidad-social-columnas-de-hernan-baquero-bracho-889710/,La responsabilidad social | Columnas de Hernán Baquero Bracho,"La participación de la empresa privada en el ámbito social y económico de las comunidades Guajiras que integran su área de influencia, ha sido un ...","mié, 23 feb 2022"
https://www.elheraldo.co/atlantico/barranquilla/2024/09/26/no-tenemos-como-entregar-unas-tarifas-de-energia-mas-pagables-carlos-diago/,“No tenemos cómo entregar unas tarifas de energía más pagables”: Carlos Diago,"Los casi 15 días que lleva al frente de Air-e como agente interventor han sido suficientes para tener clara la situación financiera, técnica y administrativa ...","jue, 26 sept 2024"
https://www.elheraldo.co/atlantico/2024/09/29/proyectos-de-energia-verde-una-opcion-para-disminuir-el-riesgo-del-deficit-energetico-en-colombia/,"Proyectos de energía verde, una opción para disminuir el riesgo del déficit energético en Colombia","Aunque Colombia logró “sobrevivir” a un fenómeno de El Niño muy fuerte, con unos niveles de embalses históricamente bajos, el fantasma de un apagón o ...","sáb, 28 sept 2024"
https://www.elheraldo.co/economia/2024/10/07/colombia-se-une-a-la-nueva-ruta-de-la-seda-mientras-se-incrementa-el-comercio-exterior-a-china/,"Colombia se une a la “Nueva Ruta de la Seda”, mientras se incrementa el comercio ...","El pasado 2 de octubre el viceministro de Relaciones Exteriores de Colombia, Jorge Rojas , a través de sus redes sociales, anunció que Colombia se ...","lun, 7 oct 2024"
https://www.elheraldo.co/colombia/2024/10/16/petro-dijo-que-ya-no-alcanza-el-dinero-para-tantas-catastrofes-ambientales/,"Petro dijo que ""ya no alcanza el dinero"" para tantas catástrofes ambientales","“Este gobierno lleva dos años de catástrofes ambientales y ya no alcanza el dinero”, lamentó este martes el presidente de Colombia, Gustavo Petro , al ...","mar, 15 oct 2024"
https://www.elheraldo.co/editoriales/2024/08/26/calor-extremo-la-nueva-normalidad/,"Calor extremo, ¿la nueva normalidad?","https://www.youtube.com/watch?v=Nob6fjkGHTM Lejos de disminuir, el calor extremo que soportamos en la actualidad irá en aumento. La temperatura global continuará subiendo de forma gradual por efecto ...","lun, 26 ago 2024"
https://www.elheraldo.co/atlantico/barranquilla/2024/09/18/comunidades-energeticas-en-barranquilla-alcalde-char-anuncio-la-aprobacion-de-las-primeras-dos/,Comunidades energéticas en Barranquilla: alcalde Char anunció la aprobación de las primeras dos,Como una medida para mitigar el i mpacto de las altas tarifas de energía se aprobaron las primeras dos de las cinco comunidades energéticas en ...,"mié, 18 sept 2024"
https://www.elheraldo.co/local/2024/08/23/la-transicion-energetica-esta-ocurriendo-esta-en-marcha-minminas/,"“La transición energética está ocurriendo, está en marcha”: minminas","El ministro de Minas y Energía, Andrés Camacho , salió en defensa del proceso de transición energética que viene liderando el Gobierno nacional y que ...","jue, 22 ago 2024"
https://www.elheraldo.co/columnas-de-opinion/simon-gaviria/2022/11/08/hidrogeno-el-futuro-columna-de-simon-gaviria-952901/,"Hidrógeno, el futuro | Columna de Simón Gaviria","Colombia es rico en todo tipo de energía: genera el 70 % de su electricidad con hidroeléctricas, es el productor 20 % del mundo en ...","mar, 8 nov 2022"
https://www.elheraldo.co/editoriales/2023/07/21/apagones-en-la-region-caribe-si-es-un-riesgo-real/,"¿Apagones en la región Caribe? Sí, es un riesgo real","https://www.youtube.com/watch?v=RTln-jaPo7w Si el Caribe colombiano sufre racionamientos o apagones en un futuro cercano, las autoridades del sector energético: Ministerio de Minas, Unidad de Planeaci","vie, 21 jul 2023"
https://www.elheraldo.co/editoriales/2024/08/06/creg-por-fin-operativa-a-tomar-decisiones-sobre-tarifas/,"Creg, por fin operativa, a tomar decisiones sobre tarifas",https://www.youtube.com/watch?v=RMIbGlmM6Ok Como en la región Caribe estamos curados de espantos por tantas salidas inútiles que han ofrecido e incluso puesto en marcha para asegurar la ...,"mar, 6 ago 2024"
https://www.elheraldo.co/columnas-de-opinion/hernan-baquero-bracho/2021/02/06/la-nueva-bonanza-792792/,La nueva bonanza,"El portugués André Fraga Figueiredo, presidente del Grupo Renovatio, recibió un espaldarazo para posicionarse como alternativa de proyectos de energía renovable y fue el éxito ...","sáb, 6 feb 2021"
https://www.elheraldo.co/economia/2020/03/11/hay-desafios-para-la-transicion-energetica-ser-colombia/,'Hay desafíos para la transición energética': Ser Colombia,"El ingreso de las energías renovables a la matriz energética de Colombia se ha convertido en un atractivo para inversionistas afirma Germán Corredor, director Ejecutivo ...","mié, 11 mar 2020"
https://www.elheraldo.co/atlantico/2019/02/06/la-costa-participa-con-15-proyectos-en-subasta-de-energia/,La Costa participa con 15 proyectos en subasta de energía,De los 22 proyectos que se presentaron en la subasta de energía de contratos de largo plazo abierta por el Gobierno para aumentar la capacidad ...,"mar, 5 feb 2019"
https://www.elheraldo.co/la-guajira/2020/01/14/escuela-colombiana-gana-premio-de-la-sostenibilidad-en-abu-dhabi/,Escuela colombiana gana premio de la sostenibilidad en Abu Dhabi,"La institución educativa Livio Reginaldo Fischione de Riohacha, capital de La Guajira, fue la ganador de la especialidad Escuelas Secundarias de la zona de las ...","mar, 14 ene 2020"
https://www.elheraldo.co/editoriales/2021/03/16/el-editorial-transicion-energetica-en-el-atlantico/,El Editorial | Transición energética en el Atlántico,"https://www.youtube.com/watch?v=kD4BhPthk4M Colombia avanza en su proceso de transformación energética, uno de los temas a debatir hoy en la Asamblea del BID. El Ministerio de Minas ...","mar, 16 mar 2021"
https://www.elheraldo.co/contenidos-en-alianza/2022/07/15/sunny-app-lider-en-la-transformacion-energetica-del-pais/,"Sunny App, líder en la transformación energética del país","Sunny App es una empresa colombiana que cuenta con más de 6 años de experiencia en el desarrollo de proyectos en energía solar, la cual ...","vie, 15 jul 2022"
https://www.elheraldo.co/editoriales/2023/11/15/usuarios-paganinis-del-apagon-regulatorio-de-la-creg/,"Usuarios, paganinis del apagón regulatorio de la CREG",https://www.youtube.com/watch?v=NrSktiR4uBM La inexplicable dilación en el nombramiento de los comisionados expertos de la Comisión de Regulación de Energía y Gas (CREG) ha acentuado el riesgo ...,"mié, 15 nov 2023"
https://www.elheraldo.co/editoriales/2023/11/15/el-editorial-usuarios-paganinis-del-apagon-regulatorio-de-la-creg-1048451/,"El Editorial | Usuarios, paganinis del apagón regulatorio de la CREG",https://www.youtube.com/watch?v=NrSktiR4uBM La inexplicable dilación en el nombramiento de los comisionados expertos de la Comisión de Regulación de Energía y Gas (CREG) ha acentuado el riesgo ...,"mié, 15 nov 2023"
https://www.elheraldo.co/economia/2019/10/10/daneses-analizan-proyecto-eolico-offshore-en-atlantico/,Daneses analizan proyecto eólico offshore en Atlántico,Inversionistas extranjeros analizan la viabilidad de desarrollar un proyecto eólico offshore para generación de energía en aguas del Caribe frente al departamento del Atlántico. Así ...,"jue, 10 oct 2019"
https://www.elheraldo.co/editoriales/2023/06/19/los-proyectos-energeticos-en-la-region-caribe-si-son-viables/,Los proyectos energéticos en la región Caribe sí son viables,https://www.youtube.com/watch?v=la2abIHi4B4 La decisión de la Junta Directiva de Enel Colombia de suspender indefinidamente la construcción del Parque Eólico Windpeshi en La Guajira incrementó inquiet,"lun, 19 jun 2023"
https://www.elheraldo.co/la-guajira/2015/12/04/cultura-wayuu-en-arquitectura-de-nuevo-centro-comercial-en-riohacha/,Cultura wayuu en arquitectura de nuevo centro comercial en Riohacha,"Con una inversión de 90 mil millones de pesos y después de un año en el proceso de construcción, abrió sus puertas el nuevo centro ...","vie, 4 dic 2015"
https://www.elheraldo.co/columnas-de-opinion/amylkar-d-acosta-m/2021/10/13/por-una-transicion-energetica-justa-columna-de-amylkar-d-acosta-857079/,Por una transición energética justa | Columna de Amylkar D. Acosta.,"La transición energética es inatajable, nace de la imperiosa necesidad de enfrentar los desafíos que plantea la emergencia climática, que compromete la supervivencia de la ...","mié, 13 oct 2021"
https://www.elheraldo.co/columnas-de-opinion/amylkar-d-acosta-m/2023/07/05/colombia-se-rezaga-columna-de-amylkar-d-acosta-1013069/,Colombia se rezaga | Columna de Amylkar D. Acosta,"Ya lo habíamos advertido, que mientras Colombia estaba en el radar de la Transición energética a nivel global en un lugar muy destacado y se ...","mié, 5 jul 2023"
https://www.elheraldo.co/economia/2021/04/23/atlantico-recibio-4-proyectos-con-inversion-extranjera/,Atlántico recibió 4 proyectos con inversión extranjera,"Pese a la emergencia sanitaria que vive el país, Colombia sigue siendo una nación atractiva para los inversionistas extranjeros.De acuerdo al reporte de ProColombia, en ...","vie, 23 abr 2021"
https://www.elheraldo.co/region/2020/08/21/la-region-caribe-ya-tiene-mapa-de-reactivacion-economica/,La región Caribe ya tiene mapa de reactivación económica,"En la región Caribe arrancó la Gira Regional Unificada que lidera la vicepresidente Marta Lucía Ramírez, para impulsar la reactivación económica del país. Con 16 ...","vie, 21 ago 2020"
https://www.elheraldo.co/la-guajira/2014/11/15/gracias-a-la-energia-solar-los-ninos-aprenden-con-computadores-reales/,"Gracias a la energía solar, los niños aprenden con computadores reales","Los estudiantes wayuu del Centro Etnoeducativo No.11 ubicado en área rural de Riohacha, ya no tienen que jugar con computadores de cartón o icopor, sino ...","sáb, 15 nov 2014"
https://www.elheraldo.co/region/2016/12/31/corrupcion-en-la-costa-fue-el-antipersonaje-del-ano/,Corrupción en la Costa fue el antipersonaje del año,Otro año viejo que debe quemarse al finalizar 2016 es el de la corrupción que este año salió a la luz pública en los departamento ...,"sáb, 31 dic 2016"
https://www.elheraldo.co/economia/2022/05/04/la-anm-adjudico-cuatro-nuevas-areas-estrategicas-mineras-de-cobre-en-la-costa/,La ANM adjudicó cuatro nuevas Áreas Estratégicas Mineras de Cobre en la Costa,La Agencia Nacional de Minería (ANM) realizó la adjudicación de cuatro bloques de Áreas Estratégicas Mineras (AEM) en los municipios de San Diego y La ...,"mié, 4 may 2022"
https://www.elheraldo.co/columnas-de-opinion/amylkar-d-acosta-m/2019/10/30/el-gran-salto-adelante-676558/,¡El gran salto adelante!,"La Subasta para la contratación de energía de fuentes no convencionales de energía renovable (FNCER) a 15 años, es la primera en su género que ...","mié, 30 oct 2019"
https://www.elheraldo.co/columnas-de-opinion/flavia-santoro/2022/03/11/procolombia-por-colombia/,ProColombia por Colombia,"Esta semana desde Barranquilla iniciamos la gira nacional ProColombia por Colombia, una estrategia integral que busca afianzar nuestra labor con los exportadores, empresarios del turismo ...","vie, 11 mar 2022"
https://www.elheraldo.co/columnas-de-opinion/flavia-santoro/2022/03/11/procolombia-por-colombia-columna-de-flavia-santoro-893600/,ProColombia por Colombia | Columna de Flavia Santoro,"Esta semana desde Barranquilla iniciamos la gira nacional ProColombia por Colombia, una estrategia integral que busca afianzar nuestra labor con los exportadores, empresarios del turismo ...","vie, 11 mar 2022"
https://www.elheraldo.co/economia/2017/10/03/transelca-desarrolla-plan-de-expansion-regional-y-nacional/,Transelca desarrolla plan de expansión regional y nacional,"La empresa transportadora de energía, Transelca, como parte del Grupo ISA, avanza en el proceso de expansión en el territorio nacional con los servicios de ...","mar, 3 oct 2017"
https://www.elheraldo.co/contenidos-en-alianza/2021/05/13/inversion-extranjera-crecio-66/,Inversión extranjera creció 66%,"Entre enero y marzo de 2021, Colombia recibió 33 nuevos proyectos de inversión gestionados y captados por ProColombia con negocios estimados por US$1.595 millones, cifra ...","jue, 13 may 2021"
https://www.elheraldo.co/noticias/2021/09/27/sonar-en-grande/,Soñar en grande,"19,6 por ciento. Esta es la cifra de crecimiento de la economía costeña en el segundo trimestre de este año frente al mismo periodo del ...","lun, 27 sept 2021"
https://www.elheraldo.co/noticias/2021/10/04/inversiones-en-transporte-de-gas-suman-usd163-billones/,"Inversiones en transporte de gas suman USD1,63 billones","Durante la presentación del Informe del Sector Gas Natural 2021, elaborado por Promigas y que recoge las cifras oficiales correspondientes al 2020, se dio a ...","dom, 3 oct 2021"
https://www.elheraldo.co/contenidos-en-alianza/2020/11/20/la-reestructuracion-de-las-cadenas-de-suministros-en-expoprobarranquilla/,La reestructuración de las cadenas de suministros en Expoprobarranquilla,"Mega trend de inversión: La reestructuración de las cadenas de suministro globales' es la conferencia que abordará Adolfo Taylhardat, Consultor en desarrollo de negocios internacionales, ...","vie, 20 nov 2020"
https://www.elheraldo.co/contenidos-en-alianza/2020/11/21/la-nueva-ley-de-regalias-es-mas-equitativa-con-las-regiones/,La nueva Ley de Regalías es más equitativa con las regiones,A partir del primero enero de 2021 comienza a regir La Ley 2056 de 2020 que ha reformado el Sistema General de Regalías que le ...,"sáb, 21 nov 2020"
https://www.elheraldo.co/columnas-de-opinion/maria-elia-abuchaibe-cortes/2020/10/09/reactivacion-economica-desde-las-regiones/,Reactivación económica desde las regiones,"El país ha tenido que afrontar un escenario que ni los más preparados líderes pudieron anticipar. Al trabajo de controlar un virus altamente contagioso, se ...","vie, 9 oct 2020"
https://www.elheraldo.co/local/2018/11/23/la-costa-tiene-que-mirar-al-turismo-y-la-industria-ivan-duque/,'La Costa tiene que mirar al turismo y la industria': Iván Duque,"El Pacto Caribe tendrá un capítulo en el Plan Nacional de Desarrollo, el cual plasmará la visión de la región y generará un compromiso por ...","vie, 23 nov 2018"
https://www.elheraldo.co/local/2019/02/13/gobernadores-rechazan-desmonte-de-subsidio-de-energia-para-estrato-3/,Gobernadores rechazan desmonte de subsidio de energía para estrato 3,"La ministra de Minas y Energía, María Fernanda Suárez, y los gobernadores de Cesar, Bolívar, Atlántico, Guajira y Magdalena firmaron este martes en Valledupar un ...","mié, 13 feb 2019"
https://www.elheraldo.co/politica/2019/08/15/minminas-propone-reducir-subsidios-de-energia-solar/,Minminas propone reducir subsidios de energía solar,"Un proyecto de resolución del Ministerio de Minas plantea reducir los subsidios de energía solar a 19.500 usuarios en zonas no interconectadas, ZNI, del país ...","jue, 15 ago 2019"
https://www.elheraldo.co/politica/2019/09/23/pumarejo-propone-unidad-de-vigilancia-de-servicios/,Pumarejo propone unidad de vigilancia de servicios,"Una unidad de seguimiento y planeación de servicios públicos propone el candidato a la Alcaldía de Barranquilla Jaime Pumarejo Heins, ante la problemática en la ...","lun, 23 sept 2019"
https://www.elheraldo.co/editoriales/2018/07/29/la-linea-de-la-polemica/,La ‘línea’ de la polémica,"El presidente Santos prevé firmar esta semana un decreto que, previsiblemente, desatará una fuerte polémica por el material delicado que regula. Nos referimos a la ...","dom, 29 jul 2018"
https://www.elheraldo.co/columnas-de-opinion/2017/08/26/el-caribe-energia-limpia/,"El Caribe, energía limpia",De la mano de la Costa Caribe Colombia se orienta hacia el desarrollo sostenible y la seguridad energética. Una dupla poderosa que se multiplica al ...,"sáb, 26 ago 2017"
https://www.elheraldo.co/local/2017/06/28/nuevo-operador-en-la-costa-tendra-que-trabajar-en-generacion-de-energia/,'Nuevo operador en la Costa tendrá que trabajar en generación de energía',"El ministro de Minas y Energía, Germán Arce, dijo que el próximo operador de energía en la región Caribe tendrá que dar certeza de confiabilidad ...","mié, 28 jun 2017"
https://www.elheraldo.co/local/2016/01/15/nueve-reacciones-tras-la-cumbre-energetica-con-el-presidente-santos/,Nueve reacciones tras la Cumbre Energética con el presidente Santos,"Nueve de los 35 asistentes a la Cumbre Energética de ayer, en Barranquilla, expresaron sus opiniones tras el evento en el que el presidente Juan ...","vie, 15 ene 2016"
https://www.elheraldo.co/region/2016/06/05/lo-que-se-juega-la-costa-en-la-batalla-ecologica/,Lo que se juega la Costa en la batalla ecológica,La región Caribe atraviesa por un momento decisivo en materia medioambiental. Hace aproximadamente un mes terminó el fenómeno de El Niño más extenso y fuerte ...,"dom, 5 jun 2016"
https://www.elheraldo.co/local/2015/11/10/gobierno-anuncia-incentivos-para-otras-energias/,Gobierno anuncia incentivos para otras energías,"Deducción en el pago del impuesto de renta del 50% de las inversiones en un período de cinco años, depreciación acelerada de los activos, exclusión ...","mar, 10 nov 2015"
https://www.elheraldo.co/cartas-de-lectores/2015/12/30/riqueza-de-ritmos-la-musica-cubana-236165/,Riqueza de ritmos: La música  cubana,"La música cubana encierra toda una riqueza de ritmos acogedores que atrapan la atención de miles de escuchas y seduce, tanto en el canto como ...","mié, 30 dic 2015"
https://www.elheraldo.co/opinion/editorial/2013/01/19/los-recursos-de-las-regalias-96901/,Los recursos de las regalías,Durante la reciente cumbre de gobernadores con el presidente Juan Manuel Santos en la casa de Nariño se tocaron diversos puntos relacionados con la implementación ...,"dom, 20 ene 2013"
